,İlan NO,Fiyat,Oda Sayısı,Metre Kare,Bina Yaşı,Kat No,İlçe,Mahalle,İlan Tarihi,Emlakçı
0,9682-1438,                3750                 ,2 + 1,85,3 Yaşında,3.Kat,Merkez,SümerMahallesi,"
              24-01-2023
            ",ENGİNDEBAĞOĞLU
1,9682-1421,                5500                 ,3 + 1,145,1 Yaşında,4.Kat,Merkez,KılıçarslanMahallesi,"
              17-01-2023
            ",ENGİNDEBAĞOĞLU
2,96795-732,                4500                 ,3 + 1,150,20 Yaşında,2.Kat,Merkez,BahçelievlerMahallesi,"
              30-01-2023
            ",NECDETÇAĞLAYAN
3,135359-13,                6500                 ,4 + 1,160,15 Yaşında,2.Kat,Merkez,İzzetBaysalMahallesi,"
              25-01-2023
            ",ŞentürkEmlak
4,99885-554,                2200                 ,2 + 1,85,15 Yaşında,AraKat,Merkez,SümerMahallesi,"
              27-01-2023
            ",YSAGAYRİMENKUL
5,72124-1285,                6000                 ,4 + 1,190,7 Yaşında,2.Kat,Merkez,KılıçarslanMahallesi,"
              26-01-2023
            ",İBRAHİMBEYAZOĞLU
6,133075-28,                4500                 ,1 + 1,65,1 Yaşında,4.Kat,Merkez,AkpınarMahallesi,"
              27-01-2023
            ",BurakBilgin
7,125408-100,                4000                 ,3 + 1,105,22 Yaşında,Zemin,Merkez,UmutkentMahallesi,"
              25-01-2023
            ",AZEKİPEKER
8,83186-114,                7000                 ,3 + 1,140,30 Yaşında,5.Kat,Merkez,TabaklarMahallesi,"
              25-01-2023
            ",DURMUŞKOYUNOĞLU
9,691906-675,                3000                 ,2 + 1,90,15 Yaşında,YüksekGiriş,Merkez,DağkentMahallesi,"
              30-01-2023
            ",SaadetÇakır
10,36137-942,                5000                 ,2 + 1,97,5 Yaşında,3.Kat,Merkez,TabaklarMahallesi,"
              30-01-2023
            ",İmdatASLAN
11,68591-563,                9500                 ,3 + 1,140,4 Yaşında,2.Kat,Merkez,AlpağutMahallesi,"
              29-01-2023
            ",DursunAykut
12,101445-408,                5000                 ,2 + 1,104,Sıfır Bina,AraKat,Merkez,AktaşMahallesi,"
              27-01-2023
            ",CİHANYILDIRIM
13,125408-105,                5000                 ,3 + 1,160,40 Yaşında,EnÜstKat,Merkez,TabaklarMahallesi,"
              25-01-2023
            ",AZEKİPEKER
14,133075-25,                3000                 ,1 + 1,70,9 Yaşında,1.Kat,Merkez,SemerkantMahallesi,"
              27-01-2023
            ",BurakBilgin
15,117728-341,                3600                 ,3 + 1,140,26 Yaşında,3.Kat,Merkez,KaramanlıMahallesi,"
              27-01-2023
            ",KaderCamcı
16,117728-342,                3000                 ,1 + 1,60,6 Yaşında,4.Kat,Merkez,SümerMahallesi,"
              27-01-2023
            ",KaderCamcı
17,9682-1444,                5500                 ,3 + 1,155,4 Yaşında,3.Kat,Merkez,AlpağutMahallesi,"
              24-01-2023
            ",ENGİNDEBAĞOĞLU
18,74029-277,                5000                 ,2 + 1,100,4 Yaşında,EnÜstKat,Merkez,TabaklarMahallesi,"
              24-01-2023
            ",ELİTEMLAKGAYRİMENKUL
19,126744-133,                2650                 ,2 + 1,120,23 Yaşında,EnÜstKat,Merkez,KaramanlıMahallesi,"
              28-01-2023
            ",SEÇİLÇAĞAN
20,0-40123841,                4250                 ,2 + 1,98,Sıfır Bina,YüksekGiriş,Merkez,BorazanlarMahallesi,"
              25-01-2023
            ",adembeyy
21,135262-6,                10000                 ,4 + 1,160,2 Yaşında,5.Kat,Merkez,TabaklarMahallesi,"
              18-01-2023
            ",ŞevkiEsen
22,125960-201,                8500                 ,4 + 1,175,Sıfır Bina,AraKat,Merkez,AlpağutMahallesi,"
              27-01-2023
            ",ARZUSÜNEL
23,114584-167,                4300                 ,1 + 1,60,14 Yaşında,EnÜstKat,Merkez,TabaklarMahallesi,"
              24-01-2023
            ",ERGÜNDEMİR
24,68591-564,                4000                 ,1 + 1,50,2 Yaşında,2.Kat,Merkez,TabaklarMahallesi,"
              29-01-2023
            ",DursunAykut
25,0-40079375,                4000                 ,2 + 1,100,10 Yaşında,1.Kat,Merkez,BorazanlarMahallesi,"
              05-01-2023
            ",FahrettinYerlikaya
26,99885-553,                2200                 ,2 + 1,85,15 Yaşında,AraKat,Merkez,SümerMahallesi,"
              21-01-2023
            ",YSAGAYRİMENKUL
27,81836-923,                5500                 ,3 + 1,130,12 Yaşında,2.Kat,Merkez,TabaklarMahallesi,"
              27-01-2023
            ",HARUNKARAKAN
28,3978-2027,                8000                 ,3 + 1,155,1 Yaşında,3.Kat,Merkez,BorazanlarMahallesi,"
              17-01-2023
            ",MURATGÜCÜM
29,117728-344,                4000                 ,1 + 1,55,8 Yaşında,4.Kat,Merkez,SümerMahallesi,"
              27-01-2023
            ",KaderCamcı
30,118782-244,                4250                 ,3 + 1,130,16 Yaşında,3.Kat,Merkez,KaramanlıMahallesi,"
              21-01-2023
            ",MuhammetÜnalan
31,691906-688,                8000                 ,4 + 1,165,Sıfır Bina,AraKat,Merkez,KılıçarslanMahallesi,"
              16-01-2023
            ",AhmetEmreYıldırım
32,99885-552,                2200                 ,2 + 2,85,15 Yaşında,AraKat,Merkez,SümerMahallesi,"
              18-01-2023
            ",YSAGAYRİMENKUL
33,125960-173,                6000                 ,3 + 1,130,11 Yaşında,AraKat,Merkez,KültürMahallesi,"
              04-01-2023
            ",ARZUSÜNEL
34,9465-3940,                6000                 ,2 + 1,100,9 Yaşında,AraKat,Merkez,BeşkavaklarMahallesi,"
              22-01-2023
            ",ENESYILDIRIM
35,3978-2024,                4300                 ,3 + 1,145,10 Yaşında,2.Kat,Merkez,BorazanlarMahallesi,"
              12-01-2023
            ",MURATGÜCÜM
36,9682-1445,                4000                 ,3 + 1,120,12 Yaşında,3.Kat,Merkez,KaramanlıMahallesi,"
              26-01-2023
            ",ENGİNDEBAĞOĞLU
37,98707-536,                3750                 ,2 + 1,80,5 Yaşında,4.Kat,Merkez,SağlıkMahallesi,"
              16-01-2023
            ",SEZERSEZER
38,16802-1593,                4000                 ,2 + 1,100,30 Yaşında,2.Kat,Merkez,BeşkavaklarMahallesi,"
              02-01-2023
            ",HakanYILDIRIMTAŞ
39,117659-95,                3000                 ,1 + 1,60,Sıfır Bina,YüksekGiriş,Merkez,AktaşMahallesi,"
              18-01-2023
            ",HamzaBayrakçeken
40,128920-108,                4000                 ,4 + 1,155,15 Yaşında,1.Kat,Merkez,İhsaniyeMahallesi,"
              13-01-2023
            ",KEMALERSAN
41,119685-138,                5000                 ,2 + 1,100,5 Yaşında,4.Kat,Merkez,KaraçayırMahallesi,"
              24-01-2023
            ",EnginCandemir
42,83186-111,                4300                 ,3 + 1,140,15 Yaşında,Zemin,Merkez,BorazanlarMahallesi,"
              05-01-2023
            ",DURMUŞKOYUNOĞLU
43,101069-874,                5000                 ,1 + 1,60,10 Yaşında,2.Kat,Merkez,BeşkavaklarMahallesi,"
              29-01-2023
            ",nurtenüzen
44,86232-564,                250                 ,1 + 1,55,8 Yaşında,AraKat,Merkez,BorazanlarMahallesi,"
              30-01-2023
            ",CEYHUNTURAN
45,3978-2022,                4500                 ,3 + 1,155,21 Yaşında,2.Kat,Merkez,BahçelievlerMahallesi,"
              10-01-2023
            ",MURATGÜCÜM
46,125960-202,                4000                 ,3 + 1,140,6 Yaşında,EnÜstKat,Merkez,SağlıkMahallesi,"
              04-01-2023
            ",ARZUSÜNEL
47,101445-404,                5500                 ,4 + 1,140,5 Yaşında,EnÜstKat,Merkez,TabaklarMahallesi,"
              17-01-2023
            ",CİHANYILDIRIM
48,133989-43,                4500                 ,3 + 1,145,25 Yaşında,EnÜstKat,Merkez,BahçelievlerMahallesi,"
              27-01-2023
            ",OzanAvcı
49,121046-108,                5000                 ,3 + 1,150,20 Yaşında,3.Kat,Merkez,TabaklarMahallesi,"
              28-01-2023
            ",YücelYongacı
50,691906-668,                6000                 ,3 + 1,135,4 Yaşında,AraKat,Merkez,İzzetBaysalMahallesi,"
              10-01-2023
            ",ANILÖZGE
51,16802-1598,                4000                 ,2 + 1,85,5 Yaşında,1.Kat,Merkez,KaraçayırMahallesi,"
              21-01-2023
            ",HakanYILDIRIMTAŞ
52,117659-117,                3500                 ,1 + 1,60,Sıfır Bina,EnÜstKat,Merkez,AktaşMahallesi,"
              23-01-2023
            ",HamzaBayrakçeken
53,86232-569,                250                 ,1 + 1,55,8 Yaşında,EnÜstKat,Merkez,BorazanlarMahallesi,"
              30-01-2023
            ",CEYHUNTURAN
54,125960-197,                4000                 ,3 + 1,135,3 Yaşında,AraKat,Merkez,AktaşMahallesi,"
              12-01-2023
            ",ARZUSÜNEL
55,135262-18,                10000                 ,4 + 1,125,3 Yaşında,4.Kat,Merkez,TabaklarMahallesi,"
              19-01-2023
            ",ŞevkiEsen
56,92551-261,                4000                 ,3 + 1,124,5 Yaşında,5.Kat,Merkez,SağlıkMahallesi,"
              23-01-2023
            ",YAMANEMLAK
57,0-40119639,                2500                 ,2 + 1,84,30 Yaşında,2.Kat,Merkez,KöroğluMahallesi,"
              12-01-2023
            ",FikretÇelik
58,119470-1336,                4000                 ,2 + 1,115,4 Yaşında,YüksekGiriş,Merkez,AlpağutMahallesi,"
              25-01-2023
            ",SelamiTOSUN
59,117659-119,                6000                 ,1 + 1,60,5 Yaşında,AraKat,Merkez,SümerMahallesi,"
              30-01-2023
            ",HamzaBayrakçeken
60,691906-673,                4250                 ,2 + 1,95,Sıfır Bina,AraKat,Merkez,AlpağutbeyMahallesi,"
              06-01-2023
            ",ANILÖZGE
61,125960-203,                8500                 ,3 + 1,200,Sıfır Bina,EnÜstKat,Merkez,BorazanlarMahallesi,"
              03-01-2023
            ",ARZUSÜNEL
62,107704-382,                5000                 ,3 + 1,160,14 Yaşında,1.Kat,Merkez,SağlıkMahallesi,"
              25-01-2023
            ",HÜSEYİNÇAVUŞOĞLU
63,125202-90,                2650                 ,1 + 1,68,7 Yaşında,Zemin,Merkez,İzzetBaysalMahallesi,"
              20-01-2023
            ",UMUTŞENDUYGU
64,135262-8,                3750                 ,1 + 1,55,17 Yaşında,GirişKatı,Merkez,BeşkavaklarMahallesi,"
              04-01-2023
            ",ŞevkiEsen
65,59514-786,                3250                 ,3 + 1,135,5 Yaşında,3.Kat,Merkez,SağlıkMahallesi,"
              26-01-2023
            ",MUHAMMEDYEKREK
66,92551-265,                3200                 ,2 + 1,80,7 Yaşında,4.Kat,Merkez,KültürMahallesi,"
              28-01-2023
            ",YAMANEMLAK
67,99885-551,                2200                 ,2 + 1,85,15 Yaşında,AraKat,Merkez,SümerMahallesi,"
              12-01-2023
            ",YSAGAYRİMENKUL
68,9682-1443,                6000                 ,3 + 1,155,3 Yaşında,2.Kat,Merkez,AlpağutMahallesi,"
              24-01-2023
            ",ENGİNDEBAĞOĞLU
69,116997-105,                3750                 ,2 + 1,70,5 Yaşında,AraKat,Merkez,BorazanlarMahallesi,"
              24-01-2023
            ",AzizFerdaZaman
70,121046-111,                4000                 ,3 + 1,140,25 Yaşında,2.Kat,Merkez,GölyüzüMahallesi,"
              24-01-2023
            ",YücelYongacı
71,116655-158,                3500                 ,2 + 1,100,4 Yaşında,4.Kat,Merkez,TabaklarMahallesi,"
              06-01-2023
            ",SİNANEROL
72,36137-1023,                4500                 ,3 + 1,130,5 Yaşında,1.Kat,Merkez,ÇakmaklarMahallesi,"
              18-01-2023
            ",İmdatASLAN
73,125202-92,                3000                 ,1 + 1,50,Sıfır Bina,EnÜstKat,Merkez,SemerkantMahallesi,"
              29-01-2023
            ",UMUTŞENDUYGU
74,119685-140,                4000                 ,3 + 1,140,30 Yaşında,EnÜstKat,Merkez,SümerMahallesi,"
              24-01-2023
            ",EnginCandemir
75,119470-1335,                3500                 ,2 + 1,115,Sıfır Bina,AraKat,Merkez,ÇakmaklarMahallesi,"
              25-01-2023
            ",SelamiTOSUN
76,99885-548,                2200                 ,2 + 1,85,15 Yaşında,AraKat,Merkez,SümerMahallesi,"
              06-01-2023
            ",YSAGAYRİMENKUL
77,691906-676,                9000                 ,3 + 1,165,Sıfır Bina,1.Kat,Merkez,KılıçarslanMahallesi,"
              08-01-2023
            ",SaadetÇakır
78,107704-381,                3000                 ,3 + 1,140,5 Yaşında,1.Kat,Merkez,SağlıkMahallesi,"
              25-01-2023
            ",HÜSEYİNÇAVUŞOĞLU
79,101445-406,                4000                 ,3 + 1,128,20 Yaşında,EnÜstKat,Merkez,BahçelievlerMahallesi,"
              23-01-2023
            ",CİHANYILDIRIM
80,126744-148,                3000                 ,3 + 1,135,25 Yaşında,GirişKatı,Merkez,BeşkavaklarMahallesi,"
              16-01-2023
            ",SEÇİLÇAĞAN
81,81836-909,                7500                 ,5 + 1,280,10 Yaşında,EnÜstKat,Merkez,BeşkavaklarMahallesi,"
              11-12-2022
            ",HARUNKARAKAN
82,117659-115,                4500                 ,1 + 1,60,6 Yaşında,EnÜstKat,Merkez,SemerkantMahallesi,"
              25-01-2023
            ",HamzaBayrakçeken
83,101445-392,                4500                 ,1 + 1,70,5 Yaşında,3.Kat,Merkez,AktaşMahallesi,"
              18-01-2023
            ",CİHANYILDIRIM
84,125202-86,                6500                 ,3 + 1,150,3 Yaşında,2.Kat,Merkez,BeşkavaklarMahallesi,"
              03-01-2023
            ",ERHANYAŞAR
85,133142-48,                4750                 ,1 + 1,65,8 Yaşında,3.Kat,Merkez,TabaklarMahallesi,"
              26-01-2023
            ",EVYAPGAYRİMENKUL
86,116655-149,                5500                 ,3 + 1,125,Sıfır Bina,1.Kat,Merkez,AlpağutbeyMahallesi,"
              18-01-2023
            ",SİNANEROL
87,0-40178790,                4500                 ,3 + 1,80,Sıfır Bina,YüksekGiriş,Mengen,BeşlerMahallesi,"
              23-01-2023
            ",ZaferAlançayır
88,16802-1591,                4500                 ,3 + 1,135,7 Yaşında,2.Kat,Merkez,SağlıkMahallesi,"
              26-12-2022
            ",HakanYILDIRIMTAŞ
89,99885-541,                2200                 ,2 + 1,85,15 Yaşında,AraKat,Merkez,SümerMahallesi,"
              05-12-2022
            ",YSAGAYRİMENKUL
90,119685-132,                4000                 ,2 + 1,100,5 Yaşında,1.Kat,Merkez,İhsaniyeMahallesi,"
              24-01-2023
            ",EnginCandemir
91,131340-134,                2500                 ,2 + 1,110,25 Yaşında,2.Kat,Merkez,KaramanlıMahallesi,"
              20-01-2023
            ",AydınÇelen
92,132593-135,                5250                 ,3 + 1,138,3 Yaşında,YüksekGiriş,Merkez,AlpağutMahallesi,"
              14-01-2023
            ",BetülKILICARSLAN
93,3978-2019,                6000                 ,3 + 1,156,Sıfır Bina,2.Kat,Merkez,BorazanlarMahallesi,"
              28-12-2022
            ",MURATGÜCÜM
94,16802-1588,                4000                 ,2 + 1,100,4 Yaşında,4.Kat,Merkez,SağlıkMahallesi,"
              14-12-2022
            ",HakanYILDIRIMTAŞ
95,9465-3920,                4000                 ,3 + 1,145,25 Yaşında,EnÜstKat,Merkez,KaraçayırMahallesi,"
              13-01-2023
            ",MehmetGÜVEN
96,135555-6,                5000                 ,3 + 1,140,15 Yaşında,YüksekGiriş,Merkez,SümerMahallesi,"
              22-01-2023
            ",TuğçeYılmam
97,111912-316,                4000                 ,1 + 1,70,6 Yaşında,4.Kat,Merkez,KaraçayırMahallesi,"
              16-01-2023
            ",SAFİYECİHAN
98,71332-487,                6500                 ,3 + 1,150,Sıfır Bina,1.Kat,Merkez,AğaçcılarMahallesi,"
              25-01-2023
            ",metinyaman
99,111456-143,                4500                 ,3 + 1,140,17 Yaşında,5.Kat,Merkez,BahçelievlerMahallesi,"
              20-01-2023
            ",İSMAİLESER
100,111680-88,                3500                 ,3 + 1,130,20 Yaşında,1.Kat,Merkez,TabaklarMahallesi,"
              09-01-2023
            ",ÇAĞLARAYGÜNDÜZ
101,78609-375,                7000                 ,3 + 1,140,1 Yaşında,3.Kat,Merkez,YaşamkentMahallesi,"
              06-01-2023
            ",ÖmerEricek
102,104668-76,                3500                 ,3 + 1,150,25 Yaşında,YüksekGiriş,Merkez,BahçelievlerMahallesi,"
              11-01-2023
            ",REMZİYILMAZ
103,117659-102,                3250                 ,1 + 1,60,Sıfır Bina,EnÜstKat,Merkez,AktaşMahallesi,"
              23-01-2023
            ",HamzaBayrakçeken
104,102438-241,                4500                 ,1 + 1,55,10 Yaşında,1.Kat,Merkez,KaraçayırMahallesi,"
              15-01-2023
            ",UĞURHELVACI
105,59514-785,                8500                 ,5 + 1,250,5 Yaşında,,Merkez,DağkentMahallesi,"
              22-01-2023
            ",MUHAMMEDYEKREK
106,71332-489,                5000                 ,3 + 1,140,8 Yaşında,2.Kat,Merkez,KültürMahallesi,"
              25-01-2023
            ",metinyaman
107,115008-203,                3500                 ,2 + 1,115,9 Yaşında,AraKat,Merkez,TabaklarMahallesi,"
              18-01-2023
            ",MUSAYILMAZ
108,5618-1167,                3500                 ,3 + 1,135,24 Yaşında,4.Kat,Merkez,AktaşMahallesi,"
              14-01-2023
            ",ÜMİTYAVUZ
109,111680-81,                4500                 ,3 + 1,125,12 Yaşında,1.Kat,Merkez,BüyükcamiMahallesi,"
              09-01-2023
            ",ÇAĞLARAYGÜNDÜZ
110,90948-729,                3500                 ,2 + 1,105,6 Yaşında,3.Kat,Merkez,ÇıkınlarMahallesi,"
              22-01-2023
            ",ŞEREFOVALI
111,78609-373,                3700                 ,3 + 1,140,9 Yaşında,1.Kat,Merkez,TepecikMahallesi,"
              04-01-2023
            ",ÖmerEricek
112,111912-317,                2000                 ,1 + 1,50,9 Yaşında,BahçeKatı,Merkez,KılıçarslanMahallesi,"
              14-01-2023
            ",SAFİYECİHAN
113,9465-3892,                6000                 ,3 + 1,145,Sıfır Bina,2.Kat,Merkez,PaşaköyMahallesi,"
              09-01-2023
            ",ZekiYÜKSEL
114,116655-161,                6000                 ,3 + 1,155,Sıfır Bina,1.Kat,Merkez,KılıçarslanMahallesi,"
              10-01-2023
            ",murataydın
115,71332-488,                4500                 ,2 + 1,125,Sıfır Bina,1.Kat,Merkez,AğaçcılarMahallesi,"
              25-01-2023
            ",metinyaman
116,99885-547,                2200                 ,2 + 1,85,15 Yaşında,AraKat,Merkez,SümerMahallesi,"
              31-12-2022
            ",YSAGAYRİMENKUL
117,96795-721,                5000                 ,3 + 1,160,7 Yaşında,4.Kat,Merkez,İzzetBaysalMahallesi,"
              07-01-2023
            ",NECDETÇAĞLAYAN
118,116655-163,                6500                 ,3 + 1,160,11 Yaşında,1.Kat,Merkez,BorazanlarMahallesi,"
              10-01-2023
            ",murataydın
119,691906-654,                6000                 ,3 + 1,170,6 Yaşında,2.Kat,Merkez,AlpağutMahallesi,"
              22-12-2022
            ",SERDARYALÇIN
120,99885-546,                2200                 ,2 + 1,85,15 Yaşında,AraKat,Merkez,SümerMahallesi,"
              28-12-2022
            ",YSAGAYRİMENKUL
121,116655-157,                2500                 ,3 + 1,125,26 Yaşında,Zemin,Merkez,ÇıkınlarMahallesi,"
              06-01-2023
            ",SİNANEROL
122,99885-545,                2200                 ,2 + 1,85,15 Yaşında,AraKat,Merkez,SümerMahallesi,"
              22-12-2022
            ",YSAGAYRİMENKUL
123,80784-569,                5000                 ,3 + 1,160,10 Yaşında,YüksekGiriş,Merkez,SağlıkMahallesi,"
              06-01-2023
            ",CEMALARSLAN
124,117659-99,                5000                 ,1 + 1,60,1 Yaşında,YüksekGiriş,Merkez,TabaklarMahallesi,"
              11-01-2023
            ",HamzaBayrakçeken
125,3978-2014,                2500                 ,1 + 1,74,3 Yaşında,BahçeKatı,Merkez,AlpağutMahallesi,"
              21-12-2022
            ",MURATGÜCÜM
126,9682-1302,                5500                 ,3 + 1,148,3 Yaşında,3.Kat,Merkez,AlpağutbeyMahallesi,"
              24-01-2023
            ",ENGİNDEBAĞOĞLU
127,99885-544,                2200                 ,2 + 1,85,15 Yaşında,AraKat,Merkez,SümerMahallesi,"
              16-12-2022
            ",YSAGAYRİMENKUL
128,111912-295,                4500                 ,1 + 1,60,5 Yaşında,2.Kat,Merkez,KaramanlıMahallesi,"
              09-01-2023
            ",AFERCİHAN
129,46055-861,                5000                 ,3 + 1,140,Sıfır Bina,2.Kat,Merkez,KültürMahallesi,"
              09-01-2023
            ",Coşkunözkan
130,117659-113,                5000                 ,1 + 1,60,3 Yaşında,AraKat,Merkez,TabaklarMahallesi,"
              16-01-2023
            ",HamzaBayrakçeken
131,99885-543,                2200                 ,2 + 1,85,15 Yaşında,AraKat,Merkez,SümerMahallesi,"
              10-12-2022
            ",YSAGAYRİMENKUL
132,125202-65,                3500                 ,4 + 1,160,40 Yaşında,2.Kat,Merkez,KaramanlıMahallesi,"
              03-12-2022
            ",UMUTŞENDUYGU
133,63869-597,                4500                 ,3 + 1,135,5 Yaşında,1.Kat,Merkez,AlpağutbeyMahallesi,"
              17-01-2023
            ",ilkerÖZÇEVİK
134,0-40051388,                4250                 ,3 + 1,145,26 Yaşında,4.Kat,Merkez,İzzetBaysalMahallesi,"
              10-01-2023
            ",ErolAkduman
135,16802-1580,                6500                 ,4 + 1,170,5 Yaşında,4.Kat,Merkez,BorazanlarMahallesi,"
              23-11-2022
            ",HakanYILDIRIMTAŞ
136,117659-116,                7000                 ,2 + 1,110,7 Yaşında,YüksekGiriş,Merkez,TabaklarMahallesi,"
              19-01-2023
            ",HamzaBayrakçeken
137,0-39921879,                3000                 ,1 + 1,45,1 Yaşında,4.Kat,Merkez,AkpınarMahallesi,"
              13-01-2023
            ",EmreBÜKÜ
138,9682-1022,                5500                 ,3 + 1,142,5 Yaşında,1.Kat,Merkez,KılıçarslanMahallesi,"
              26-01-2023
            ",ENGİNDEBAĞOĞLU
139,5618-1166,                3500                 ,1 + 1,50,10 Yaşında,AraKat,Merkez,BorazanlarMahallesi,"
              16-01-2023
            ",TalhaTercanlıgil
140,72634-818,                7500                 ,5 + 1,230,5 Yaşında,4.Kat,Merkez,TabaklarMahallesi,"
              15-01-2023
            ",İSMAİLHAKKIKORKMAZ
141,86232-566,                250                 ,1 + 1,55,8 Yaşında,AraKat,Merkez,BorazanlarMahallesi,"
              02-01-2023
            ",CEYHUNTURAN
142,96795-713,                3500                 ,3 + 1,130,Sıfır Bina,1.Kat,Merkez,AktaşMahallesi,"
              30-12-2022
            ",NECDETÇAĞLAYAN
143,3978-2009,                2700                 ,3 + 1,125,15 Yaşında,4.Kat,Merkez,DağkentMahallesi,"
              10-01-2023
            ",SELÇUKAKBAY
144,16802-1484,                3500                 ,3 + 1,140,35 Yaşında,4.Kat,Merkez,BahçelievlerMahallesi,"
              24-11-2022
            ",HakanYILDIRIMTAŞ
145,111912-299,                8000                 ,4 + 1,180,3 Yaşında,2.Kat,Merkez,KılıçarslanMahallesi,"
              30-11-2022
            ",AFERCİHAN
146,133075-22,                4000                 ,2 + 1,100,15 Yaşında,ÇatıKatı,Merkez,AktaşMahallesi,"
              12-12-2022
            ",BurakBilgin
147,126685-41,                3500                 ,2 + 1,105,10 Yaşında,AraKat,Gerede,KitirlerMahallesi,"
              29-12-2022
            ",CANKAVERHAKANİ
148,16802-1555,                4000                 ,2 + 1,100,6 Yaşında,1.Kat,Merkez,AlpağutMahallesi,"
              20-12-2022
            ",HakanYILDIRIMTAŞ
149,102438-200,                6000                 ,3 + 1,135,3 Yaşında,3.Kat,Merkez,AkpınarMahallesi,"
              08-12-2022
            ",UĞURHELVACI
150,97005-745,                2750                 ,3 + 1,140,24 Yaşında,2.Kat,Merkez,KültürMahallesi,"
              17-12-2022
            ",ZaferGÜLER
151,72124-1284,                3000                 ,3 + 1,155,30 Yaşında,3.Kat,Merkez,SağlıkMahallesi,"
              26-01-2023
            ",İBRAHİMBEYAZOĞLU
152,111912-306,                4000                 ,3 + 1,128,Sıfır Bina,2.Kat,Merkez,AşağısokuMahallesi,"
              30-11-2022
            ",AFERCİHAN
153,121046-102,                3000                 ,3 + 1,160,25 Yaşında,5.Kat,Merkez,BahçelievlerMahallesi,"
              10-12-2022
            ",YücelYongacı
154,74029-268,                3500                 ,3 + 1,160,28 Yaşında,3.Kat,Merkez,KültürMahallesi,"
              25-01-2023
            ",ELİTEMLAKGAYRİMENKUL
155,111456-134,                4000                 ,2 + 1,100,Sıfır Bina,3.Kat,Merkez,BeşkavaklarMahallesi,"
              20-01-2023
            ",İSMAİLESER
156,99885-540,                2200                 ,2 + 1,85,15 Yaşında,AraKat,Merkez,SümerMahallesi,"
              28-11-2022
            ",YSAGAYRİMENKUL
157,9682-1049,                6000                 ,3 + 1,146,5 Yaşında,3.Kat,Merkez,İzzetBaysalMahallesi,"
              26-01-2023
            ",ENGİNDEBAĞOĞLU
158,99885-538,                2000                 ,2 + 1,85,15 Yaşında,AraKat,Merkez,SümerMahallesi,"
              16-11-2022
            ",YSAGAYRİMENKUL
159,111912-305,                4000                 ,2 + 1,115,5 Yaşında,2.Kat,Merkez,KılıçarslanMahallesi,"
              30-11-2022
            ",AFERCİHAN
160,74029-267,                4500                 ,1 + 1,58,25 Yaşında,4.Kat,Merkez,TabaklarMahallesi,"
              17-01-2023
            ",ELİTEMLAKGAYRİMENKUL
161,117659-114,                5000                 ,1 + 1,60,Sıfır Bina,EnÜstKat,Merkez,AktaşMahallesi,"
              18-01-2023
            ",HamzaBayrakçeken
162,28731-1126,                4500                 ,1 + 1,100,26 Yaşında,3.Kat,Merkez,TabaklarMahallesi,"
              27-01-2023
            ",EROLKARABIYIK
163,81836-916,                3500                 ,3 + 1,130,25 Yaşında,2.Kat,Merkez,TabaklarMahallesi,"
              07-01-2023
            ",HARUNKARAKAN
164,114584-152,                3000                 ,2 + 1,100,25 Yaşında,BahçeKatı,Merkez,KaraçayırMahallesi,"
              27-01-2023
            ",ERGÜNDEMİR
165,126685-11,                4500                 ,3 + 1,125,8 Yaşında,AraKat,Gerede,DayıoğluMahallesi,"
              28-12-2022
            ",CANKAVERHAKANİ
166,116655-154,                2500                 ,3 + 1,120,30 Yaşında,Zemin,Merkez,ÇıkınlarMahallesi,"
              19-12-2022
            ",SİNANEROL
167,133142-38,                3500                 ,3 + 1,130,22 Yaşında,2.Kat,Merkez,SağlıkMahallesi,"
              09-12-2022
            ",EVYAPGAYRİMENKUL
168,117659-83,                4500                 ,1 + 1,60,7 Yaşında,AraKat,Merkez,SümerMahallesi,"
              07-12-2022
            ",HamzaBayrakçeken
169,99885-539,                2200                 ,2 + 1,85,15 Yaşında,AraKat,Merkez,SümerMahallesi,"
              22-11-2022
            ",YSAGAYRİMENKUL
170,99885-537,                2000                 ,2 + 1,85,15 Yaşında,AraKat,Merkez,SümerMahallesi,"
              10-11-2022
            ",YSAGAYRİMENKUL
171,133142-42,                3000                 ,2 + 1,100,22 Yaşında,3.Kat,Merkez,TabaklarMahallesi,"
              12-12-2022
            ",EVYAPGAYRİMENKUL
172,118782-90,                3000                 ,1 + 1,70,11 Yaşında,1.Kat,Merkez,TabaklarMahallesi,"
              18-01-2023
            ",MuhammetÜnalan
173,99885-536,                2000                 ,2 + 1,85,15 Yaşında,AraKat,Merkez,SümerMahallesi,"
              10-11-2022
            ",YSAGAYRİMENKUL
174,111912-307,                3300                 ,1 + 1,60,5 Yaşında,2.Kat,Merkez,KaramanlıMahallesi,"
              30-11-2022
            ",AFERCİHAN
175,131340-11,                6500                 ,2 + 1,130,10 Yaşında,2.Kat,Merkez,TabaklarMahallesi,"
              09-12-2022
            ",AydınÇelen
176,0-37797102,                950                 ,2 + 1,100,25 Yaşında,2.Kat,Merkez,YeniçaydurtMahallesi,"
              15-11-2022
            ",HüseyinYılmaz
177,133142-31,                3000                 ,3 + 1,130,24 Yaşında,GirişKatı,Merkez,KültürMahallesi,"
              25-11-2022
            ",EVYAPGAYRİMENKUL
178,101069-850,                4500                 ,2 + 1,100,25 Yaşında,4.Kat,Merkez,SümerMahallesi,"
              28-01-2023
            ",nurtenüzen
179,121046-95,                5000                 ,2 + 1,110,35 Yaşında,3.Kat,Merkez,TabaklarMahallesi,"
              24-01-2023
            ",YücelYongacı
180,92551-257,                2300                 ,2 + 1,110,25 Yaşında,1.Kat,Merkez,AlpağutbeyMahallesi,"
              06-01-2023
            ",YAMANEMLAK
181,111912-227,                3500                 ,1 + 1,60,5 Yaşında,2.Kat,Merkez,BorazanlarMahallesi,"
              12-01-2023
            ",SAFİYECİHAN
182,92551-254,                6000                 ,3 + 1,120,20 Yaşında,Kot3,Merkez,TabaklarMahallesi,"
              22-11-2022
            ",YAMANEMLAK
183,74029-245,                4000                 ,1 + 1,65,7 Yaşında,4.Kat,Merkez,TabaklarMahallesi,"
              17-01-2023
            ",ELİTEMLAKGAYRİMENKUL
184,119685-121,                4000                 ,3 + 1,130,20 Yaşında,EnÜstKat,Merkez,TabaklarMahallesi,"
              24-01-2023
            ",EnginCandemir
185,111912-239,                3000                 ,1 + 1,55,11 Yaşında,2.Kat,Merkez,AktaşMahallesi,"
              29-11-2022
            ",SAFİYECİHAN
186,131574-61,                1500                 ,2 + 1,90,30 Yaşında,AraKat,Göynük,HacıAbdiMahallesi,"
              20-01-2023
            ",İbrahimAkyıldız
187,126685-47,                1200                 ,2 + 1,105,22 Yaşında,4.Kat,Gerede,SevillerMahallesi,"
              25-11-2022
            ",CANKAVERHAKANİ
188,5618-1033,                3500                 ,Stüdyo,45,5 Yaşında,AraKat,Merkez,BorazanlarMahallesi,"
              16-01-2023
            ",TalhaTercanlıgil
189,81836-904,                4500                 ,3 + 1,130,12 Yaşında,5.Kat,Merkez,TabaklarMahallesi,"
              11-12-2022
            ",HARUNKARAKAN
190,126685-15,                1500                 ,2 + 1,95,25 Yaşında,EnÜstKat,Gerede,SevillerMahallesi,"
              13-01-2023
            ",CANKAVERHAKANİ
